question,answer
How to keep kidneys healthy?,Drink 2–3 litres of water daily, eat fruits and vegetables, exercise 30 minutes a day, control blood sugar and blood pressure, and avoid unnecessary painkillers.
What foods are good for kidneys?,Apples, berries, grapes, cauliflower, red bell peppers, onions, garlic, and whole grains like brown rice. Also drink plenty of water.
How much water should I drink for kidney health?,About 6–8 glasses (2 litres) per day. If you play sports or it’s hot, drink more. Your urine should be light yellow.
What exercises help kidneys?,Walking, running, cycling, swimming, yoga – any activity that keeps your heart healthy. Aim for 1 hour of play or sports daily.
How does sleep affect kidneys?,During deep sleep, kidneys repair themselves. Lack of sleep increases blood pressure, which harms kidneys. Get 8–9 hours of sleep.
Can yoga or breathing exercises help kidneys?,Yes. Stress raises blood pressure. Deep breathing and simple yoga (like Anulom Vilom) reduce stress and help kidney health.
What foods are bad for kidneys?,Too much salt (chips, pickles, fast food), processed meats (sausages, bacon), sugary drinks (soda, packaged juices), and very high protein supplements.
Is smoking harmful to kidneys?,Yes. Smoking damages blood vessels that supply the kidneys. It silently reduces kidney function. Even one cigarette a day is harmful. Quitting helps recovery.
Can painkillers damage kidneys?,Yes. Taking too many painkillers like ibuprofen, diclofenac, or aspirin regularly can cause kidney damage. Use only when necessary and after doctor’s advice.
Is drinking soda bad for kidneys?,Yes. Dark sodas contain phosphoric acid, which can lead to kidney stones over time. Water or fresh lemon water is best.
Does holding urine too long harm kidneys?,Occasionally it’s fine, but regularly holding urine can cause infections and rarely back up pressure to kidneys. Go when you feel the urge.
Is too much protein powder bad for kidneys?,For healthy teens, extra protein is not needed. Too much protein powder can strain kidneys. Get protein from natural foods like eggs, milk, dal, and nuts.
What are the main causes of kidney disease?,Uncontrolled diabetes, high blood pressure, smoking, excessive painkiller use, dehydration, eating too much salt, and frequent urinary infections.
Why does diabetes harm kidneys?,High blood sugar damages the tiny filters (glomeruli) inside kidneys. Over years, they stop working properly. This is called diabetic kidney disease.
How does high blood pressure affect kidneys?,High pressure damages blood vessels in kidneys. Kidneys then cannot filter waste properly. Damage builds up silently.
Can genetics cause kidney disease?,Yes, some kidney diseases run in families (like PKD – polycystic kidney disease). But healthy habits reduce risk even if genes are weak.
Why do kidney stones form?,When you don’t drink enough water, minerals like calcium and oxalate crystallise into stones. Eating too much salt or oxalate‑rich foods (spinach, nuts) also increases risk.
Can dehydration cause kidney failure?,Severe dehydration can cause sudden kidney injury. Chronic mild dehydration increases risk of stones and infections. Drink water regularly.
How can I prevent kidney disease?,Drink enough water, eat less salt, avoid smoking, exercise daily, control diabetes and blood pressure, don’t overuse painkillers, and get a yearly urine check if you have risk factors.
What are early signs of kidney trouble?,Swelling in feet or face, foamy urine, dark urine, feeling tired, less urine output, or back pain. See a doctor if these appear.
How often should I check my kidneys?,If you are healthy with no risk factors, once a year is enough. If you have diabetes, high BP, or family history, every 6 months.
Can quitting smoking reverse kidney damage?,Yes, partly. Within weeks of quitting, blood flow to kidneys improves. If you quit before age 20, kidneys can recover most function.
What is a simple daily habit for kidney health?,Start your day with 1–2 glasses of water. Avoid adding extra salt to food. Walk or play for 30 minutes. Sleep on time.
Is it too late to protect kidneys if I already have a bad habit?,No. Every healthy change helps. Even reducing salt or drinking more water today reduces kidney workload tomorrow. Start now.
Why should I never start smoking?,Smoking damages every organ, including kidneys. It narrows blood vessels, reduces filtration, and increases risk of kidney failure. Plus, it’s expensive and addictive.
My friend smokes. How can I help him?,Share this fact: Smoking one bidi reduces kidney blood flow for 30 minutes. Tell him quitting is hard but possible – and his kidneys will thank him.
Does secondhand smoke affect my kidneys?,Yes. If you sit near someone who smokes, your kidneys also get exposed to harmful chemicals. Politely move away or ask them to smoke outside.
What happens to kidneys after quitting smoking?,Blood flow improves in 2–4 weeks. After 1 year, kidney function stabilises. After 5 years, risk of kidney failure drops significantly.
Is light or occasional smoking safe?,No. There is no safe level. Even one cigarette a week causes silent damage to blood vessels. Kidneys don’t recover as quickly as lungs.
What is the best drink for kidneys?,Plain water is best. Coconut water and fresh lemon water (without sugar) are also good. Avoid sugary drinks and excess tea/coffee.
Can I eat eggs every day for kidney health?,Yes, 1–2 eggs daily is fine for healthy kidneys. They provide good protein. But don’t eat only eggs – balance with vegetables and grains.
Are bananas good for kidneys?,Bananas are healthy but high in potassium. For healthy kidneys, 1 banana a day is fine. If someone has kidney disease, they may need to limit bananas – ask a doctor.
